id,Sample_1,Sample_2,Sample_3,Sample_4,Sample_5,Sample_6,Sample_7,Sample_8,Sample_9,Sample_10,Sample_11,Sample_12,Sample_13,Sample_14,Sample_15,Sample_16,Sample_17,Sample_18,Sample_19,Sample_20,Sample_21,Sample_22,Sample_23,Sample_24,Sample_25,Sample_26,Sample_27,Sample_28,Sample_29,Sample_30,Sample_31,Sample_32,Sample_33,Sample_34,Sample_35,Sample_36,Sample_37,Sample_38,Sample_39,Sample_40,Sample_41,Sample_42,Sample_43,Sample_44,Sample_45,Sample_46,Sample_47,Sample_48,Sample_49,Sample_50
OTU_1,102,179,92,14,106,71,188,20,102,121,74,87,116,99,103,151,130,149,52,1,87,157,37,129,191,187,20,160,57,21,88,48,58,169,187,14,189,189,174,189,50,107,54,63,130,50,134,20,72,166
OTU_2,17,131,88,59,13,8,89,52,129,83,91,110,187,198,171,7,174,34,80,163,49,103,131,1,133,53,105,3,53,190,145,43,161,189,13,94,47,14,199,189,39,81,110,52,23,153,187,123,40,156
OTU_3,14,44,64,88,70,8,87,128,135,62,138,80,135,162,162,32,122,4,40,27,134,71,11,161,32,47,150,61,36,98,171,103,34,192,100,174,130,0,4,141,102,26,136,14,89,41,123,178,62,95
OTU_4,51,95,131,150,142,170,28,35,12,159,70,186,85,27,65,169,44,61,184,133,27,27,107,43,83,29,189,74,127,91,189,128,120,26,189,120,115,2,102,197,199,154,136,61,164,50,171,151,58,117
OTU_5,159,95,179,112,61,185,51,11,38,129,130,112,100,112,183,80,186,112,1,129,53,86,128,146,125,129,52,171,159,197,159,67,182,183,122,144,37,23,68,115,97,197,138,143,96,123,186,69,92,2
OTU_6,147,186,163,146,89,194,146,147,95,198,51,160,167,127,38,81,103,128,10,184,177,150,158,41,98,6,143,89,111,59,112,1,128,47,139,196,36,159,8,98,146,47,130,147,151,53,119,160,151,115
OTU_7,74,112,199,163,165,103,83,111,98,152,92,145,127,109,81,193,53,162,188,168,160,67,32,141,20,47,147,127,135,134,194,144,127,32,175,186,114,118,21,157,37,108,50,181,7,26,26,20,29,96
OTU_8,27,110,191,196,60,47,146,3,34,191,48,16,171,157,45,116,5,98,123,36,23,92,45,180,94,98,187,115,190,159,160,66,127,17,24,53,57,66,103,173,23,113,31,174,85,150,193,126,154,129
OTU_9,16,103,160,136,42,175,38,169,25,98,49,152,151,12,59,134,56,35,172,19,64,7,143,141,114,142,91,97,65,31,190,85,50,152,185,62,189,124,149,57,57,85,48,179,169,69,14,53,187,100
OTU_10,7,52,59,107,4,102,195,5,108,115,93,46,98,54,167,51,143,12,113,123,105,157,146,144,119,62,18,91,57,182,89,116,61,22,126,136,139,128,57,121,0,33,95,125,117,47,88,116,128,15
OTU_11,188,191,190,68,21,92,194,75,153,143,178,85,184,28,68,46,93,189,196,143,175,84,38,99,32,100,22,9,68,99,33,179,137,146,185,95,0,68,3,15,23,79,1,127,159,83,151,139,177,162
OTU_12,123,32,160,188,178,170,100,11,66,64,160,167,73,42,43,28,140,11,94,45,129,34,80,89,7,92,153,89,161,114,104,134,195,57,113,74,156,119,163,20,163,137,100,151,191,176,98,35,95,151
OTU_13,150,189,36,11,112,182,12,22,98,104,29,16,112,61,83,111,85,140,186,18,176,99,139,188,146,75,8,198,27,127,51,82,110,143,116,68,98,139,24,179,122,52,150,143,56,38,108,180,41,185
OTU_14,166,141,121,132,162,74,145,75,8,73,185,144,6,173,140,167,169,136,177,26,121,193,4,28,164,165,82,135,108,64,85,144,70,44,131,35,69,158,18,188,107,181,166,90,89,18,38,125,194,172
OTU_15,140,125,57,147,199,60,126,104,166,0,130,91,189,190,112,152,55,160,165,116,133,57,43,172,159,172,60,46,148,79,117,163,146,19,184,145,46,48,13,142,158,0,116,53,117,2,143,184,11,73
OTU_16,15,199,101,151,155,116,7,121,91,163,89,135,185,59,177,27,100,40,191,154,190,144,160,156,140,45,34,133,81,114,196,46,152,193,9,55,29,108,4,118,32,117,64,145,176,10,84,25,62,85
OTU_17,58,26,176,160,97,104,98,128,148,54,5,196,94,132,101,2,180,22,52,164,82,144,84,77,109,0,50,172,3,189,192,112,31,33,91,94,71,38,153,161,181,117,2,122,49,11,192,53,132,56
OTU_18,144,111,46,150,84,141,65,74,178,102,165,191,37,49,97,81,29,78,90,178,190,51,165,78,29,105,50,80,132,28,131,137,183,144,73,16,83,68,33,5,52,193,125,42,114,110,150,182,79,94
OTU_19,117,143,7,131,103,131,183,24,194,95,194,154,92,159,177,60,121,50,146,20,4,91,169,60,21,148,69,0,132,11,89,45,33,176,77,44,154,72,25,46,120,55,93,106,62,47,60,80,25,35
OTU_20,0,7,112,98,179,46,126,55,13,27,77,129,108,153,13,186,55,114,6,2,110,150,106,17,37,114,14,191,118,27,38,184,16,85,125,43,24,144,12,24,67,137,66,108,145,110,110,33,110,7
OTU_21,167,112,82,41,168,100,5,179,25,63,186,183,58,108,197,120,32,180,149,20,197,69,111,3,93,74,189,61,93,94,151,54,136,130,30,39,35,151,5,65,74,3,78,133,117,112,93,178,61,184
OTU_22,193,78,135,25,178,172,43,132,69,153,117,67,18,19,112,139,46,0,89,141,63,37,36,125,138,99,76,2,160,133,177,9,4,150,137,171,129,12,167,129,83,64,62,100,72,16,8,142,151,37
OTU_23,162,93,94,48,68,61,187,177,77,116,119,136,161,75,34,0,39,63,149,59,63,92,71,10,104,13,59,29,34,164,4,82,122,77,153,61,131,88,41,88,145,39,71,38,103,13,31,178,124,165
OTU_24,96,22,62,142,152,144,193,52,103,103,178,38,178,197,133,66,134,178,199,41,191,14,110,156,32,154,163,156,37,184,96,154,182,32,195,85,65,9,4,122,73,96,117,37,140,158,46,108,179,183
OTU_25,14,156,135,4,156,46,67,75,172,129,154,94,114,163,35,25,42,26,68,147,10,73,103,37,133,199,22,46,89,45,106,139,140,103,189,110,103,59,170,99,67,132,119,36,71,126,105,91,30,121
OTU_26,136,50,28,39,40,10,150,0,45,100,148,89,109,163,181,56,0,62,181,54,114,167,142,148,174,52,136,179,56,116,153,168,34,62,24,89,74,37,129,134,161,90,16,127,170,186,107,178,181,151
OTU_27,24,198,179,197,87,160,176,28,62,149,153,155,113,48,198,80,83,104,176,147,117,85,62,188,103,48,70,0,140,178,122,183,61,31,157,28,48,172,29,143,167,18,17,0,77,114,174,193,112,113
OTU_28,165,178,62,131,128,7,156,54,102,130,31,9,109,161,123,86,54,31,177,134,92,7,64,56,66,186,71,53,66,50,96,91,7,161,34,95,87,77,31,119,45,143,195,164,181,141,54,175,6,73
OTU_29,6,160,150,84,146,111,124,146,35,28,187,81,1,128,46,196,147,10,129,194,118,139,19,4,36,165,136,52,171,98,85,107,23,80,157,119,58,127,113,114,13,8,39,193,24,102,21,3,153,185
OTU_30,28,108,97,36,74,69,145,127,84,41,99,40,165,33,16,164,152,121,75,86,116,105,85,26,56,30,133,167,97,11,52,198,137,172,144,153,189,121,45,63,129,53,106,192,50,180,35,114,25,28
